kind,model,x,y,z,uid,source,nearest_city,nearest_company
model,2124,-111580.1,14.6,-25892.7,43311764239F2399,base_map,redding (11.7 km),dc_car_dlr (19.5 km)
model,ibe_09018,-110492.7,6.5,-5212.8,4E1C1C544F9AC8BF,base_map,modesto (18.8 km),cal_farm_alm (15.7 km)
model,ibe_09018,-110259.0,1.0,-5384.3,4E1C1C54121AC517,base_map,modesto (15.0 km),cal_farm_alm (10.8 km)
model,2124,-107953.6,10.0,-3790.9,4E1C1C542A1AD11C,base_map,modesto (12.4 km),gal_oil_gst (21.8 km)
model,ibe_09018,-91769.7,22.3,10647.5,56DBBE4F12360002,base_map,primm (83.7 km),hau_oil_gst (84.9 km)
model,ibe_09018,-91557.5,22.3,10875.9,56BFCA489B360000,base_map,primm (80.7 km),hau_oil_gst (82.2 km)
model,2124,-49208.2,94.3,-15895.1,3BF27BF8BCD90001,base_map,rawlins (73.2 km),hau_oil_gst (74.5 km)
model,ia_5e004,-35378.5,62.1,20784.6,5E3D383BEAC20001,base_map,tucumcari (9.6 km),ed_mkt (8.0 km)
model,ia_5e004,-10336.6,30.3,-23661.8,5DF44BDBBEBF0001,base_map,yankton (13.5 km),frd_epw_sit (14.2 km)
model,ia_5e004,-10062.2,25.1,-23558.4,5E9639DB94BF0001,base_map,yankton (16.0 km),frd_epw_sit (17.1 km)
model,ia_5e004,-6045.1,11.2,-21863.7,5D3F0F837181629D,base_map,yankton (4.3 km),ven_whs (6.4 km)
model,ia_5e004,-6044.6,11.2,-21913.0,5D3F0F82B001628C,base_map,yankton (5.1 km),ven_whs (5.5 km)
model,ia_5e004,1618.2,16.2,-11030.2,595853564D2B0000,base_map,omaha (21.3 km),garc_train (30.3 km)
model,ia_5e004,1652.5,16.0,-11071.2,5957703FC2AB0000,base_map,omaha (21.1 km),garc_train (29.9 km)
model,ia_5e004,1752.3,15.9,-10914.0,5971420AFC230000,base_map,omaha (24.6 km),garc_train (33.5 km)
model,ia_5e004,1870.1,15.9,-10960.5,596C4D62F4A30001,base_map,omaha (25.3 km),garc_train (34.0 km)
model,ia_5e004,9556.2,15.6,-10521.1,59969599CF390001,base_map,maryville (93.6 km),wal_mkt (90.6 km)
model,ia_5e004,10314.4,-2.3,36590.4,5A043F17CA320000,base_map,shreveport (6.3 km),vor_oil_ref (3.4 km)
model,ia_5e004,10314.8,3.1,35957.0,5AA31147AEB20001,base_map,shreveport (13.1 km),vor_oil_ref (10.1 km)
model,ia_5e004,10364.6,-2.5,36355.9,5A03D7A530320001,base_map,shreveport (6.7 km),vor_oil_ref (2.7 km)
model,ia_5e004,11796.2,-6.3,35736.5,5C23F120CEB20001,base_map,shreveport (11.0 km),wld_frm_str (11.2 km)
model,ia_5e004,12057.0,-7.7,35498.1,5DF3FFA55B320000,base_map,shreveport (13.3 km),nls_rd_wrk (11.6 km)
model,ia_5e004,12950.0,-17.4,35527.2,5CBCDDD568B20001,base_map,shreveport (15.4 km),pho_oil_gst (12.2 km)
model,ia_5e004,14439.7,4.1,-11187.6,5976411AFAAB0000,base_map,ottumwa (2.2 km),wal_mkt (5.0 km)
model,ia_5e004,14657.6,2.6,-11479.3,598B6A44672B0000,base_map,ottumwa (5.9 km),ali_car_dlr (5.6 km)
model,ia_5e004,15071.2,4.0,-11364.7,59AFA684DD2B0000,base_map,ottumwa (10.3 km),gld_frm_grg (10.6 km)
model,ia_5e004,15238.0,3.8,-11045.2,59D4124AD9AB0000,base_map,ottumwa (9.9 km),gld_frm_grg (10.4 km)
model,ia_5e004,15249.9,4.1,-10582.8,59D4C6DE372B0000,base_map,ottumwa (3.9 km),flv_food_pln (15.1 km)
model,3a029,15734.8,1.4,35503.3,5C7399552F0E0001,base_map,shreveport (37.7 km),pho_oil_gst (41.8 km)
model,ia_5e004,16873.3,3.9,33309.6,5C0F089CEA060001,base_map,el_dorado (16.0 km),ch_wd_saw (20.3 km)
model,ia_5e004,19879.3,23.7,-11321.8,5A0B833729010001,base_map,burlingto_ia (8.8 km),apx_met_wrk (5.6 km)
model,ia_5e004,19935.4,2.6,34128.2,5BEEEE28173E0000,base_map,monroe (17.6 km),apx_met_whs (26.5 km)
model,ia_5e004,20038.5,2.6,34204.9,5C05126966BE0001,base_map,monroe (17.6 km),apx_met_whs (24.7 km)
model,ia_5e004,20516.1,6.0,-6104.6,5C73343D879D0001,base_map,quincy (14.6 km),flv_food_str (8.1 km)
model,ia_5e004,20719.2,22.5,-6838.5,5AB78B41349D0001,base_map,quincy (8.8 km),stc_car_pln (8.4 km)
model,ia_5e004,20733.7,13.0,-11007.2,5B1654EF84010001,base_map,burlingto_ia (8.1 km),tch_el_pln (15.9 km)
model,ia_5e004,20835.1,23.9,-6988.7,599623C6799D0001,base_map,quincy (5.4 km),stc_car_pln (5.1 km)
model,ia_5e004,21121.4,10.7,-16843.4,5B71267461AB0000,base_map,davenport (7.0 km),wp_oil_gst (4.6 km)
model,ia_5e004,21364.9,12.7,-16875.3,5B6F90809B2B0000,base_map,davenport (3.0 km),wp_oil_gst (9.1 km)
model,ia_5e004,21508.4,6.4,-19629.0,5A54A2EC4B8F0001,base_map,dubuque (3.1 km),rp_port (18.9 km)
model,ia_5e004,23224.9,18.2,-11751.7,5CFDAF55588B0531,base_map,peoria (11.1 km),rp_port (43.7 km)
model,ia_5e004,26413.0,13.9,-17098.5,5A8F2C1AB6260001,base_map,rockford (1.9 km),frd_epw_sit (5.2 km)
model,ia_5e004,26518.2,14.0,-17478.6,5AE72E0A13260001,base_map,rockford (6.1 km),frd_epw_sit (4.8 km)
model,ia_5e004,26523.4,13.9,-17569.5,5A8F621488260000,base_map,rockford (7.8 km),frd_epw_sit (5.9 km)
model,ia_5e004,26916.2,14.0,-17563.6,5AE3B13147A60000,base_map,rockford (11.1 km),frd_epw_sit (12.4 km)
model,ia_5e004,26934.1,14.2,-2881.9,5ADD3516EC260001,base_map,east_st_loui (28.9 km),vor_oil_ref (27.1 km)
model,ia_5e004,26969.6,14.2,-2865.2,5ADD40CF8A260000,base_map,east_st_loui (28.7 km),vor_oil_ref (26.9 km)
model,ia_5e004,27367.3,13.0,-13990.9,5AB92A7FD7260000,base_map,moline (7.9 km),syn_che_plne (10.5 km)
model,ia_5e004,27378.8,13.1,-14322.4,5AB41E200C260000,base_map,moline (5.2 km),syn_che_plne (4.4 km)
model,ia_5e004,27386.8,7.9,-19885.1,5A69723E7A380003,base_map,rockford (13.6 km),apx_met_whs (13.4 km)
model,ia_5e004,27387.5,21.3,-872.0,5C2ECAE432A60001,base_map,east_st_loui (14.5 km),vor_oil_ref (18.3 km)
model,ia_5e004,27426.3,8.0,-18955.7,5A3399D114930030,base_map,rockford (4.0 km),pho_oil_gst (3.6 km)
model,ia_5e004,27699.8,21.3,-963.5,5C2EAEFF2A260000,base_map,east_st_loui (20.0 km),vor_oil_ref (22.4 km)
model,ia_5e004,27748.6,13.2,-14547.4,5AB92AC233A60000,base_map,moline (5.1 km),syn_che_plne (5.3 km)
model,ia_5e004,29967.0,2.7,5136.8,5B562AC910260000,base_map,marion (36.4 km),ven_whs (26.6 km)
model,ia_5e004,30016.4,2.4,5310.2,5B5626AA35A60000,base_map,marion (35.6 km),ven_whs (23.8 km)
model,ia_5e004,30022.4,2.5,5181.0,5B52AF3CBF260003,base_map,marion (35.4 km),ven_whs (25.3 km)
model,ia_5e004,30076.7,2.6,5256.0,5B570775F3A60000,base_map,marion (34.4 km),ven_whs (23.6 km)
model,ia_5e004,30083.0,2.5,5290.3,5B5647AC9E260000,base_map,marion (34.3 km),ven_whs (23.0 km)
model,ia_5e004,30124.8,2.6,5236.0,5B56268008260000,base_map,marion (33.5 km),ven_whs (23.1 km)
model,ibe_09018,9360.5,6.3,16720.6,56163C8978960001,dlc_ar,fayetteville (9.6 km),nls_rd_wrk (3.8 km)
model,ibe_09018,9363.6,6.3,16720.6,56163CF919160000,dlc_ar,fayetteville (9.7 km),nls_rd_wrk (3.8 km)
model,ibe_09018,15110.0,11.3,18987.3,52FDEE4D179F0001,dlc_ar,little_rock (7.0 km),ch_wd_hrv (24.3 km)
model,ibe_09018,15110.0,11.3,18980.1,52FDF27DC29F0000,dlc_ar,little_rock (7.1 km),ch_wd_hrv (24.2 km)
model,2124,17990.3,-9.1,21712.7,4FD10F2AA99F0001,dlc_ar,little_rock (40.9 km),rp_port (7.0 km)
model,ia_5e004,-83341.9,46.8,13644.3,5D2575CCC5B30001,dlc_arizona,kingman (4.0 km),bit_rd_svc (24.3 km)
model,ia_5e004,-83016.0,46.7,13573.4,5FC49719A4330001,dlc_arizona,kingman (5.0 km),hs_mkt (20.1 km)
model,ia_5e004,-82773.2,31.1,17992.1,5B307DBD1EA20001,dlc_arizona,lake_havasu (2.9 km),hs_mkt (5.6 km)
model,ia_5e004,-82603.2,31.1,17997.8,5E4E61AC9C220000,dlc_arizona,lake_havasu (0.6 km),hs_mkt (3.0 km)
model,ia_5e004,-82595.3,31.2,18188.2,6012BEC052220001,dlc_arizona,lake_havasu (3.4 km),hs_mkt (1.9 km)
model,ia_5e004,-82574.7,46.7,13780.8,5D35241988B30001,dlc_arizona,kingman (9.8 km),hs_mkt (18.8 km)
model,ia_5e004,-82536.3,46.7,13765.2,5D352A2F56B30000,dlc_arizona,kingman (10.5 km),hs_mkt (18.3 km)
model,ia_5e004,-82506.9,46.7,13739.8,5A6E8029B6B30001,dlc_arizona,kingman (11.3 km),hs_mkt (17.7 km)
model,ia_5e004,-82454.7,31.1,18211.4,5B30A31828220000,dlc_arizona,lake_havasu (2.0 km),hs_mkt (2.0 km)
model,ia_5e004,-82365.2,31.0,18392.8,5FE8C642E2A20000,dlc_arizona,lake_havasu (2.2 km),hs_mkt (5.8 km)
model,ia_5e004,-82351.9,59.1,12901.7,5E72C640EFB30000,dlc_arizona,kingman (11.5 km),hs_mkt (2.2 km)
model,ia_5e004,-82345.8,59.1,12846.6,5E729FD33A330001,dlc_arizona,kingman (11.5 km),hs_mkt (1.8 km)
model,ia_5e004,-82253.6,31.0,18033.3,5F053B0896A20000,dlc_arizona,lake_havasu (3.8 km),hs_mkt (5.2 km)
model,ia_5e004,-70946.3,86.6,14651.9,5DE8FFD0A1330001,dlc_arizona,flagstaff (9.2 km),grp_oil_gst (7.4 km)
model,ibe_09018,-70846.0,86.4,14505.9,5C37C23D1A330001,dlc_arizona,flagstaff (10.7 km),fb_farm_mkt (5.9 km)
model,ibe_09018,-70840.2,86.4,14506.4,5C37C25A13330000,dlc_arizona,flagstaff (10.6 km),fb_farm_mkt (5.9 km)
model,ia_5e004,-70558.3,94.9,14093.2,5E286B20E2330001,dlc_arizona,flagstaff (10.6 km),fb_farm_mkt (5.8 km)
model,ia_5e004,-70286.9,83.9,14324.9,5BCA9DB532B30001,dlc_arizona,flagstaff (4.2 km),hms_con_svc (1.2 km)
model,ia_5e004,-69861.9,99.3,14460.7,5DF3CD33AFB30001,dlc_arizona,flagstaff (6.7 km),ent_whs (8.4 km)
model,ia_5e004,-65704.7,44.8,21702.6,5E7161A28E470000,dlc_arizona,show_low (4.7 km),bn_farm (9.3 km)
model,ia_5e004,-65250.9,41.4,21489.4,5E578A75F6C70000,dlc_arizona,show_low (8.0 km),hms_con_svc (3.3 km)
model,ia_5e004,-64936.1,40.6,21746.8,5E81BA6195470000,dlc_arizona,show_low (11.5 km),hms_con_svc (4.4 km)
model,ia_5e004,-64383.4,38.0,23070.6,5DC487326D470000,dlc_arizona,show_low (4.0 km),ven_whs (0.7 km)
model,ia_5e004,-64351.6,38.0,23031.0,5DC486C64A470001,dlc_arizona,show_low (4.2 km),ven_whs (1.6 km)
model,2124,-72639.1,76.0,-38696.2,34D04C6CC4860001,dlc_id,ketchum (65.7 km),pns_con_sit2 (64.3 km)
model,2124,-66177.2,73.9,-46157.4,4356879C66560001,dlc_mt,butte (8.3 km),dri_oil_gst (7.9 km)
model,2124,-66168.5,73.9,-46155.7,43568AE8EAD60000,dlc_mt,butte (8.3 km),dri_oil_gst (8.0 km)
model,2124,-55729.7,44.1,-58503.0,44335C18C0B20001,dlc_mt,havre (18.7 km),bn_farm (14.2 km)
model,ia_5e004,-51329.4,87.2,19092.8,5A7F058E5D9B0000,dlc_nm,albuquerque (4.6 km),pho_oil_gst (3.3 km)
model,ia_5e004,-49584.3,69.1,20708.7,5C38F96C429B0000,dlc_nm,albuquerque (3.1 km),re_train (2.2 km)
model,ia_5e004,-49582.2,68.9,20720.7,5C38F9998E9B0000,dlc_nm,albuquerque (3.1 km),re_train (2.0 km)
model,ia_5e004,-49520.8,69.4,20718.1,5C38F59C3E9B0001,dlc_nm,albuquerque (2.0 km),re_train (2.4 km)
model,ia_5e004,-47993.6,112.6,20634.4,5EA21BFA0A9B0001,dlc_nm,albuquerque (6.2 km),aport_ult (0.5 km)
model,ia_5e004,-45384.9,89.5,19899.5,5F8922214B460001,dlc_nm,albuquerque (22.3 km),pio_car_dlr (42.1 km)
model,ia_5e004,-45311.2,72.6,19929.6,5F9975FB3E460001,dlc_nm,albuquerque (23.8 km),pio_car_dlr (43.6 km)
model,ia_5e004,-45049.9,77.7,19951.9,5F89E29394C60000,dlc_nm,albuquerque (28.7 km),pio_car_dlr (48.6 km)
model,ia_5e004,-44992.3,68.3,20042.6,5F405B4582460001,dlc_nm,albuquerque (30.1 km),pio_car_dlr (50.0 km)
model,ia_5e004,-40939.8,60.7,21871.5,5DED9E7805460001,dlc_nm,santa_fe (113.9 km),sc_frm_grg (104.9 km)
model,ia_5e004,-40933.1,60.7,21870.3,5DED9F635D460000,dlc_nm,santa_fe (114.0 km),sc_frm_grg (104.7 km)
model,ia_5e004,-40219.3,54.7,21244.7,5F4FCE04CAC20002,dlc_nm,tucumcari (99.8 km),sc_frm_grg (87.9 km)
model,ia_5e004,-40206.3,52.7,21458.1,602E07D655C20000,dlc_nm,tucumcari (101.3 km),sc_frm_grg (89.0 km)
model,ia_5e004,-38816.4,88.7,21228.6,5DBF36F7FFC60001,dlc_nm,tucumcari (75.0 km),sc_frm_grg (63.0 km)
model,ia_5e004,-37961.3,78.7,22631.6,5E121AED8CC60009,dlc_nm,tucumcari (69.9 km),sc_frm_grg (67.2 km)
model,ia_5e004,-37957.3,78.8,22633.0,5E121AECA1C6000B,dlc_nm,tucumcari (69.8 km),sc_frm_grg (67.2 km)
model,2124,-22028.9,51.2,12825.3,4B5AED48860E0005,dlc_ok,guymon (24.3 km),gp_farm (34.9 km)
model,2124,-16507.9,29.9,13987.5,4B200684C46F0001,dlc_ok,woodward (36.0 km),tay_con_grg (3.0 km)
model,2124,-16000.1,30.0,13849.4,4A6BE0001AEF0001,dlc_ok,woodward (27.5 km),fb_farm_mkt (4.4 km)
model,2124,-13783.5,25.0,15964.7,4B50FA34A24E00ED,dlc_ok,clinton (11.9 km),vp_epw_sit (11.9 km)
model,2124,-13781.2,25.0,15973.4,4B50FA34F78E00EC,dlc_ok,clinton (11.8 km),vp_epw_sit (11.8 km)
model,2124,-7487.9,11.0,20633.9,4B9EA094CDDA1387,dlc_ok,oklahoma_cit (17.8 km),vor_oil_str1 (4.1 km)
model,2124,-5276.7,14.8,19649.5,4B9EA09453DA198B,dlc_ok,oklahoma_cit (2.0 km),gm_food_plnt (17.3 km)
model,2124,-116053.3,6.0,-35177.6,260154AC82860000,dlc_or,medford (68.1 km),dg_wd_hrv (66.3 km)
model,2124,-111918.9,12.0,-36776.9,2727F1F462860001,dlc_or,medford (36.3 km),dg_wd_saw (26.2 km)
model,2124,-107357.9,2.5,-45845.1,26CA814046C40008,dlc_or,eugene (8.7 km),ed_mkt (3.9 km)
model,2124,-18229.7,23.4,48153.2,3F3D5B7420E70001,dlc_tx,junction (6.9 km),nls_rd_wrk (4.9 km)
model,2124,-17840.9,20.0,38247.3,4424AB8C3A5C0004,dlc_tx,abilene (2.5 km),42p_pck_pln (34.5 km)
model,2124,-75525.4,57.2,-17995.2,2C097814B5C70D9D,dlc_ut,salt_lake (120.7 km),cm_min_svc (118.6 km)
model,2124,-67018.8,58.1,-15522.9,2B02CD840684001C,dlc_ut,salt_lake (9.9 km),pns_con_sit2 (10.2 km)
model,2124,-98740.5,4.3,-71265.5,292369E441810001,dlc_wa,bellingham (7.2 km),wal_mkt (1.4 km)
model,2124,-88532.7,13.1,-64635.2,2D3161EC9C490001,dlc_wa,omak (10.0 km),gal_oil_gst (5.1 km)
model,2124,-53945.0,91.0,-19798.4,3BB2DE4C7C960001,dlc_wy,rock_springs (7.6 km),hms_con_svc (3.5 km)
model,2124,-53939.4,91.0,-19799.4,3BB2E0804D960001,dlc_wy,rock_springs (7.6 km),hms_con_svc (3.4 km)
model,2124,-52518.5,75.1,-35854.2,457011141A510C2C,dlc_wy,cody (40.2 km),18w_trl_svc (2.1 km)
